card,n,grounds,rel_pattern,rel_vs_all_grounds
pitch (pace balls),250,0,,
pitch (pace balls),500,14,0.45632894461856083,0.007754696017295786
pitch (pace balls),1000,15,0.5748346894449402,-0.0077134901469388785
pitch (pace balls),1500,15,0.6835834240800706,-0.006291232292965531
pitch (pace balls),2000,15,0.7342027511060257,0.021983338016951674
pitch (pace balls),3000,15,0.8032788461361223,0.010061764686970655
pitch (pace balls),4000,15,0.8455166523529961,0.04273542291426212
pitch (pace balls),6000,15,0.8970698162862442,0.11582003874182316
zones (boundaries),50,0,,
zones (boundaries),100,0,,
zones (boundaries),200,29,0.7132409280713357,0.11289295478594098
zones (boundaries),400,29,0.8403407613220184,0.2249450557404911
zones (boundaries),800,29,0.9125823140516168,0.3096165853777059
zones (boundaries),1200,29,0.9400256148753408,0.320702871986443
zones (boundaries),2000,29,0.9634372956348208,0.46288143131010767
